<?xml version="1.0" encoding="utf-8"?>
<!-- 
    colors.xml - Arquivo de definição de cores do aplicativo Android
    Centraliza todas as cores utilizadas no app para manter consistência visual
-->
<resources>
    
    <!-- Cores primárias do tema -->
    <color name="primary_color">#667eea</color>
    <color name="primary_dark_color">#5a6fd8</color>
    <color name="accent_color">#764ba2</color>
    
    <!-- Cores de fundo -->
    <color name="background_light">#f5f7fa</color>
    <color name="background_white">#ffffff</color>
    <color name="background_card">#ffffff</color>
    
    <!-- Cores de texto -->
    <color name="text_primary">#2d3748</color>
    <color name="text_secondary">#718096</color>
    <color name="text_hint">#a0aec0</color>
    <color name="text_white">#ffffff</color>
    
    <!-- Cores para tipos de transação -->
    <color name="income_color">#4CAF50</color>
    <color name="income_light">#81C784</color>
    <color name="income_background">#f0fff4</color>
    
    <color name="expense_color">#f44336</color>
    <color name="expense_light">#e57373</color>
    <color name="expense_background">#fff5f5</color>
    
    <!-- Cores para saldo -->
    <color name="balance_positive">#4CAF50</color>
    <color name="balance_negative">#f44336</color>
    <color name="balance_neutral">#2196F3</color>
    
    <!-- Cores de estado -->
    <color name="success_color">#4CAF50</color>
    <color name="warning_color">#FF9800</color>
    <color name="error_color">#f44336</color>
    <color name="info_color">#2196F3</color>
    
    <!-- Cores de interface -->
    <color name="divider_color">#e2e8f0</color>
    <color name="border_color">#cbd5e0</color>
    <color name="shadow_color">#1a202c</color>
    
    <!-- Cores de botões -->
    <color name="button_primary">#667eea</color>
    <color name="button_primary_pressed">#5a6fd8</color>
    <color name="button_secondary">#e2e8f0</color>
    <color name="button_secondary_pressed">#cbd5e0</color>
    
    <!-- Cores de campos de entrada -->
    <color name="input_background">#ffffff</color>
    <color name="input_border">#e2e8f0</color>
    <color name="input_border_focused">#667eea</color>
    
    <!-- Cores para gráficos -->
    <color name="chart_color_1">#FF6384</color>
    <color name="chart_color_2">#36A2EB</color>
    <color name="chart_color_3">#FFCE56</color>
    <color name="chart_color_4">#4BC0C0</color>
    <color name="chart_color_5">#9966FF</color>
    <color name="chart_color_6">#FF9F40</color>
    <color name="chart_color_7">#FF6384</color>
    <color name="chart_color_8">#C9CBCF</color>
    
    <!-- Cores transparentes -->
    <color name="transparent">#00000000</color>
    <color name="semi_transparent_black">#80000000</color>
    <color name="semi_transparent_white">#80ffffff</color>
    
    <!-- Cores para categorias -->
    <color name="category_income_icon">#4CAF50</color>
    <color name="category_expense_icon">#f44336</color>
    
    <!-- Cores para navegação -->
    <color name="nav_selected">#667eea</color>
    <color name="nav_unselected">#718096</color>
    
</resources>

